{"cameraMode":{"drawMode":0,"name":"Shaded","section":"Shading Mode"},"sceneLighting":true,"audioPlay":false,"sceneViewState":{"m_AlwaysRefresh":false,"showFog":true,"showSkybox":true,"showFlares":true,"showImageEffects":true,"showParticleSystems":true,"showVisualEffectGraphs":true,"m_FxEnabled":false},"in2DMode":false,"pivot":{"x":-15.776979446411133,"y":-0.12417268753051758,"z":3.396120548248291},"rotation":{"x":0.368925005197525,"y":-0.07682213187217713,"z":0.03061138093471527,"w":0.9257922768592835},"size":13.533020973205567,"orthographic":false}