{"cameraMode":{"drawMode":0,"name":"Shaded","section":"Shading Mode"},"sceneLighting":true,"audioPlay":false,"sceneViewState":{"m_AlwaysRefresh":false,"showFog":true,"showSkybox":true,"showFlares":true,"showImageEffects":true,"showParticleSystems":true,"showVisualEffectGraphs":true,"m_FxEnabled":false},"in2DMode":false,"pivot":{"x":471.3232421875,"y":191.78326416015626,"z":50.024749755859378},"rotation":{"x":-0.19960571825504304,"y":0.022630227729678155,"z":-0.004611137323081493,"w":-0.9796054363250732},"size":361.59771728515627,"orthographic":false}