{"cameraMode":{"drawMode":0,"name":"Shaded","section":"Shading Mode"},"sceneLighting":true,"audioPlay":false,"sceneViewState":{"m_AlwaysRefresh":false,"showFog":true,"showSkybox":true,"showFlares":true,"showImageEffects":true,"showParticleSystems":true,"showVisualEffectGraphs":true,"m_FxEnabled":false},"in2DMode":false,"pivot":{"x":-1.8750410079956055,"y":24.438350677490236,"z":-49.308570861816409},"rotation":{"x":-0.014010338112711907,"y":-0.9797123670578003,"z":-0.07390505075454712,"w":0.18588541448116303},"size":66.33285522460938,"orthographic":false}