{"cameraMode":{"drawMode":0,"name":"Shaded","section":"Shading Mode"},"sceneLighting":true,"audioPlay":false,"sceneViewState":{"m_AlwaysRefresh":false,"showFog":true,"showSkybox":true,"showFlares":true,"showImageEffects":true,"showParticleSystems":true,"showVisualEffectGraphs":true,"m_FxEnabled":false},"in2DMode":false,"pivot":{"x":0.27431830763816836,"y":1.5932533740997315,"z":0.7541731595993042},"rotation":{"x":-0.032844800502061847,"y":0.9662956595420837,"z":-0.20021678507328034,"w":-0.15851882100105287},"size":0.17825867235660554,"orthographic":false}