{"cameraMode":{"drawMode":0,"name":"Shaded","section":"Shading Mode"},"sceneLighting":true,"audioPlay":false,"sceneViewState":{"m_AlwaysRefresh":false,"showFog":true,"showSkybox":true,"showFlares":true,"showImageEffects":true,"showParticleSystems":true,"showVisualEffectGraphs":true,"m_FxEnabled":false},"in2DMode":false,"pivot":{"x":-133.70584106445313,"y":-142.26470947265626,"z":-46.363304138183597},"rotation":{"x":0.21883359551429749,"y":-0.7513670325279236,"z":0.3020331859588623,"w":0.5443966388702393},"size":112.76529693603516,"orthographic":false}